{
  "clean": {
    "accuracy": 0.9464583333333333,
    "precision": 0.9685177087888063,
    "recall": 0.9229166666666667,
    "f1": 0.9451674845316834,
    "confusion_matrix": [
      [
        2328,
        72
      ],
      [
        185,
        2215
      ]
    ],
    "roc_auc": 0.9887485243055555
  },
  "jpeg_q85": {
    "accuracy": 0.793125,
    "precision": 0.94723458359822,
    "recall": 0.6208333333333333,
    "f1": 0.7500629247420085,
    "confusion_matrix": [
      [
        2317,
        83
      ],
      [
        910,
        1490
      ]
    ],
    "roc_auc": 0.9158529513888889
  },
  "jpeg_q60": {
    "accuracy": 0.73875,
    "precision": 0.9462616822429907,
    "recall": 0.50625,
    "f1": 0.6596091205211726,
    "confusion_matrix": [
      [
        2331,
        69
      ],
      [
        1185,
        1215
      ]
    ],
    "roc_auc": 0.8829911458333333
  },
  "jpeg_q40": {
    "accuracy": 0.705,
    "precision": 0.9505494505494505,
    "recall": 0.4325,
    "f1": 0.5945017182130584,
    "confusion_matrix": [
      [
        2346,
        54
      ],
      [
        1362,
        1038
      ]
    ],
    "roc_auc": 0.8728133680555555
  },
  "resize_0p75": {
    "accuracy": 0.900625,
    "precision": 0.8862997187625552,
    "recall": 0.9191666666666667,
    "f1": 0.9024340355901003,
    "confusion_matrix": [
      [
        2117,
        283
      ],
      [
        194,
        2206
      ]
    ],
    "roc_auc": 0.9619307291666666
  },
  "resize_0p5": {
    "accuracy": 0.7520833333333333,
    "precision": 0.7071917808219178,
    "recall": 0.8604166666666667,
    "f1": 0.7763157894736842,
    "confusion_matrix": [
      [
        1545,
        855
      ],
      [
        335,
        2065
      ]
    ],
    "roc_auc": 0.820921875
  }
}