{
  "val": {
    "accuracy": 0.715,
    "precision": 0.7047619047619048,
    "recall": 0.74,
    "f1": 0.7219512195121951,
    "confusion_matrix": [
      [
        1656,
        744
      ],
      [
        624,
        1776
      ]
    ],
    "roc_auc": 0.7936052083333334
  },
  "test": {
    "accuracy": 0.7141666666666666,
    "precision": 0.703968253968254,
    "recall": 0.7391666666666666,
    "f1": 0.7211382113821139,
    "confusion_matrix": [
      [
        1654,
        746
      ],
      [
        626,
        1774
      ]
    ],
    "roc_auc": 0.7951206597222222
  }
}