{
  "best_val_metrics": {
    "accuracy": 0.9395833333333333,
    "precision": 0.9524013722126929,
    "recall": 0.9254166666666667,
    "f1": 0.9387151310228233,
    "confusion_matrix": [
      [
        2289,
        111
      ],
      [
        179,
        2221
      ]
    ],
    "roc_auc": 0.9876694444444444
  },
  "test_metrics": {
    "accuracy": 0.9464583333333333,
    "precision": 0.9685177087888063,
    "recall": 0.9229166666666667,
    "f1": 0.9451674845316834,
    "confusion_matrix": [
      [
        2328,
        72
      ],
      [
        185,
        2215
      ]
    ],
    "roc_auc": 0.9887485243055555,
    "loss": 0.14470496283480316
  }
}